{
  "symbol": "BTC-USD",
  "start": "",
  "end": "",
  "n_events": 2157,
  "T": 2556.3000000000466,
  "mu": 0.06428588881598235,
  "alpha": 0.16313205572914055,
  "beta": 0.17684842963438482,
  "alpha_over_beta": 0.9224399451349304,
  "n_steps": 24,
  "auto_n_steps": false,
  "tau_repr_mode": "midpoint",
  "tau_edges_mode": "linear",
  "lambda_ref_mode": "mu",
  "qctsp_backend": "classical",
  "shots": 200,
  "S": 8,
  "R": 16,
  "tau_max": 5.0,
  "eta_max": 8.0,
  "source": "ohlcv_csv",
  "ohlcv_path": "data/btc-usd.csv",
  "event_mode": "log_return",
  "event_threshold": 0.0015,
  "max_events": 50000,
  "time_col": "Price",
  "close_col": "Close",
  "n_bars": 8536
}