,date,used_score_or_fallback,stale_count,selected_1,selected_2,selected_3,selected_4
0,2010-01-29,score,0,TH2,TH5,TH6,TH1
1,2010-02-26,score,0,TH5,TH2,TH4,TH3
2,2010-03-31,score,0,TH3,TH1,TH6,TH2
3,2010-04-30,score,0,TH3,TH1,TH5,TH2
4,2010-05-31,score,0,TH5,TH4,TH3,TH6
5,2010-06-30,score,0,TH1,TH5,TH3,TH2
6,2010-07-30,score,0,TH3,TH2,TH6,TH5
7,2010-08-31,score,0,TH2,TH3,TH1,TH5
8,2010-09-30,score,0,TH1,TH6,TH3,TH2
9,2010-10-29,score,0,TH3,TH2,TH5,TH1
10,2010-11-30,score,0,TH1,TH3,TH2,TH4
11,2010-12-31,score,0,TH1,TH2,TH5,TH4
12,2011-01-31,score,0,TH4,TH5,TH1,TH3
13,2011-02-28,score,0,TH4,TH3,TH5,TH6
14,2011-03-31,score,0,TH1,TH3,TH2,TH5
15,2011-04-29,score,0,TH6,TH5,TH4,TH1
16,2011-05-31,score,0,TH2,TH1,TH6,TH3
17,2011-06-30,score,0,TH6,TH4,TH1,TH3
18,2011-07-29,score,0,TH4,TH3,TH6,TH5
19,2011-08-31,score,0,TH2,TH6,TH3,TH4
20,2011-09-30,score,0,TH1,TH2,TH3,TH5
21,2011-10-31,score,0,TH1,TH6,TH4,TH2
22,2011-11-30,score,0,TH6,TH4,TH1,TH5
23,2011-12-30,score,0,TH2,TH5,TH1,TH4
24,2012-01-31,score,0,TH1,TH6,TH3,TH5
25,2012-02-29,score,0,TH6,TH5,TH2,TH4
26,2012-03-30,score,0,TH6,TH5,TH1,TH4
27,2012-04-30,score,0,TH2,TH5,TH4,TH1
28,2012-05-31,score,0,TH3,TH4,TH6,TH5
29,2012-06-29,score,0,TH5,TH4,TH2,TH3
30,2012-07-31,score,0,TH2,TH6,TH1,TH3
31,2012-08-31,score,0,TH6,TH1,TH3,TH4
32,2012-09-28,score,0,TH6,TH2,TH5,TH1
33,2012-10-31,score,0,TH5,TH1,TH6,TH3
34,2012-11-30,score,0,TH6,TH1,TH5,TH3
35,2012-12-31,score,0,TH2,TH4,TH5,TH6
36,2013-01-31,score,0,TH2,TH1,TH5,TH4
37,2013-02-28,score,0,TH1,TH4,TH2,TH3
38,2013-03-29,score,0,TH1,TH5,TH3,TH6
39,2013-04-30,score,0,TH6,TH1,TH5,TH4
40,2013-05-31,score,0,TH6,TH4,TH3,TH1
41,2013-06-28,score,0,TH2,TH5,TH6,TH3
42,2013-07-31,score,0,TH6,TH2,TH5,TH3
43,2013-08-30,score,0,TH4,TH6,TH2,TH3
44,2013-09-30,score,0,TH4,TH6,TH5,TH3
45,2013-10-31,score,0,TH5,TH6,TH3,TH2
46,2013-11-29,score,0,TH1,TH3,TH5,TH4
47,2013-12-31,score,0,TH6,TH5,TH3,TH4
48,2014-01-31,score,0,TH6,TH5,TH4,TH1
49,2014-02-28,score,0,TH5,TH2,TH3,TH1
50,2014-03-31,score,0,TH2,TH5,TH4,TH1
51,2014-04-30,score,0,TH3,TH2,TH5,TH6
52,2014-05-30,score,0,TH1,TH3,TH5,TH4
53,2014-06-30,score,0,TH2,TH5,TH4,TH1
54,2014-07-31,score,0,TH6,TH2,TH4,TH3
55,2014-08-29,score,0,TH4,TH6,TH5,TH3
56,2014-09-30,score,0,TH4,TH1,TH6,TH3
57,2014-10-31,score,0,TH1,TH4,TH5,TH2
58,2014-11-28,score,0,TH3,TH5,TH2,TH1
59,2014-12-31,score,0,TH3,TH1,TH6,TH5
60,2015-01-30,score,0,TH1,TH3,TH5,TH4
61,2015-02-27,score,0,TH1,TH4,TH5,TH3
62,2015-03-31,score,0,TH2,TH4,TH5,TH3
63,2015-04-30,score,0,TH5,TH4,TH2,TH6
64,2015-05-29,score,0,TH5,TH3,TH4,TH2
65,2015-06-30,score,0,TH6,TH2,TH4,TH3
66,2015-07-31,score,0,TH3,TH4,TH5,TH6
67,2015-08-31,score,0,TH3,TH6,TH1,TH5
68,2015-09-30,score,0,TH3,TH2,TH5,TH4
69,2015-10-30,score,0,TH5,TH1,TH4,TH3
70,2015-11-30,score,0,TH2,TH3,TH5,TH1
71,2015-12-31,score,0,TH2,TH1,TH6,TH5
72,2016-01-29,score,0,TH6,TH2,TH3,TH1
73,2016-02-29,score,0,TH2,TH1,TH6,TH3
74,2016-03-31,score,0,TH4,TH6,TH5,TH1
75,2016-04-29,score,0,TH1,TH4,TH3,TH6
76,2016-05-31,score,0,TH6,TH5,TH1,TH3
77,2016-06-30,score,0,TH2,TH5,TH3,TH1
78,2016-07-29,score,0,TH6,TH2,TH3,TH4
79,2016-08-31,score,0,TH4,TH1,TH6,TH2
80,2016-09-30,score,0,TH1,TH4,TH6,TH5
81,2016-10-31,score,0,TH2,TH1,TH4,TH6
82,2016-11-30,score,0,TH2,TH6,TH5,TH4
83,2016-12-30,score,0,TH4,TH2,TH5,TH3
84,2017-01-31,score,0,TH6,TH5,TH3,TH1
85,2017-02-28,score,0,TH6,TH1,TH3,TH5
86,2017-03-31,score,0,TH4,TH1,TH6,TH2
87,2017-04-28,score,0,TH5,TH1,TH2,TH3
88,2017-05-31,score,0,TH2,TH3,TH5,TH1
89,2017-06-30,score,0,TH2,TH4,TH1,TH5
90,2017-07-31,score,0,TH5,TH1,TH2,TH6
91,2017-08-31,score,0,TH4,TH6,TH5,TH1
92,2017-09-29,score,0,TH6,TH3,TH5,TH1
93,2017-10-31,score,0,TH1,TH2,TH3,TH5
94,2017-11-30,score,0,TH4,TH2,TH3,TH5
95,2017-12-29,score,0,TH2,TH5,TH1,TH4
96,2018-01-31,score,0,TH1,TH6,TH3,TH5
97,2018-02-28,score,0,TH1,TH2,TH4,TH5
98,2018-03-30,score,0,TH5,TH3,TH1,TH6
99,2018-04-30,score,0,TH1,TH3,TH2,TH5
100,2018-05-31,score,0,TH6,TH3,TH1,TH4
101,2018-06-29,score,0,TH1,TH3,TH2,TH6
102,2018-07-31,score,0,TH5,TH4,TH3,TH1
103,2018-08-31,score,0,TH5,TH4,TH6,TH2
104,2018-09-28,score,0,TH3,TH6,TH5,TH2
105,2018-10-31,score,0,TH5,TH2,TH1,TH3
106,2018-11-30,score,0,TH3,TH2,TH4,TH6
107,2018-12-31,score,0,TH6,TH2,TH1,TH5
108,2019-01-31,score,0,TH3,TH1,TH4,TH6
109,2019-02-28,score,0,TH2,TH3,TH1,TH6
110,2019-03-29,score,0,TH2,TH4,TH5,TH6
111,2019-04-30,score,0,TH3,TH1,TH2,TH4
112,2019-05-31,score,0,TH6,TH1,TH3,TH5
113,2019-06-28,score,0,TH4,TH1,TH2,TH5
114,2019-07-31,score,0,TH4,TH2,TH3,TH1
115,2019-08-30,score,0,TH5,TH2,TH3,TH1
116,2019-09-30,score,0,TH1,TH4,TH5,TH3
117,2019-10-31,score,0,TH1,TH5,TH4,TH6
118,2019-11-29,score,0,TH3,TH1,TH4,TH2
119,2019-12-31,score,0,TH1,TH6,TH4,TH5
120,2020-01-31,score,0,TH6,TH3,TH1,TH5
121,2020-02-28,score,0,TH4,TH5,TH6,TH3
122,2020-03-31,score,0,TH4,TH1,TH6,TH2
123,2020-04-30,score,0,TH4,TH2,TH3,TH5
124,2020-05-29,score,0,TH4,TH1,TH3,TH6
125,2020-06-30,score,0,TH1,TH3,TH2,TH6
126,2020-07-31,score,0,TH6,TH2,TH1,TH4
127,2020-08-31,score,0,TH4,TH2,TH6,TH1
128,2020-09-30,score,0,TH3,TH2,TH1,TH6
129,2020-10-30,score,0,TH2,TH4,TH3,TH5
130,2020-11-30,score,0,TH4,TH5,TH1,TH2
131,2020-12-31,score,0,TH4,TH5,TH1,TH3
132,2021-01-29,score,0,TH4,TH5,TH6,TH2
133,2021-02-26,score,0,TH6,TH4,TH1,TH5
134,2021-03-31,score,0,TH5,TH4,TH6,TH1
135,2021-04-30,score,0,TH4,TH6,TH2,TH3
136,2021-05-31,score,0,TH1,TH4,TH6,TH5
137,2021-06-30,score,0,TH5,TH6,TH2,TH4
138,2021-07-30,score,0,TH3,TH1,TH2,TH4
139,2021-08-31,score,0,TH2,TH1,TH4,TH6
140,2021-09-30,score,0,TH3,TH5,TH1,TH6
141,2021-10-29,score,0,TH1,TH5,TH4,TH2
142,2021-11-30,score,0,TH2,TH3,TH6,TH4
143,2021-12-31,score,0,TH6,TH5,TH2,TH3
144,2022-01-31,score,0,TH1,TH4,TH6,TH3
145,2022-02-28,score,0,TH6,TH4,TH1,TH5
146,2022-03-31,score,0,TH5,TH2,TH3,TH6
147,2022-04-29,score,0,TH1,TH3,TH2,TH4
148,2022-05-31,score,0,TH2,TH1,TH3,TH4
149,2022-06-30,score,0,TH5,TH1,TH2,TH3
150,2022-07-29,score,0,TH5,TH6,TH4,TH2
151,2022-08-31,score,0,TH5,TH1,TH4,TH6
152,2022-09-30,score,0,TH1,TH5,TH4,TH6
153,2022-10-31,score,0,TH2,TH6,TH3,TH5
154,2022-11-30,score,0,TH5,TH1,TH2,TH4
155,2022-12-30,score,0,TH2,TH6,TH4,TH1
156,2023-01-31,score,0,TH4,TH2,TH6,TH3
157,2023-02-28,score,0,TH1,TH2,TH3,TH6
158,2023-03-31,score,0,TH1,TH6,TH4,TH2
159,2023-04-28,score,0,TH4,TH3,TH2,TH5
160,2023-05-31,score,0,TH3,TH4,TH5,TH2
161,2023-06-30,score,0,TH2,TH5,TH1,TH3
162,2023-07-31,score,0,TH5,TH6,TH3,TH1
163,2023-08-31,score,0,TH4,TH2,TH3,TH1
164,2023-09-29,score,0,TH2,TH6,TH5,TH4
165,2023-10-31,score,0,TH6,TH1,TH5,TH4
166,2023-11-30,score,0,TH3,TH5,TH6,TH2
167,2023-12-29,score,0,TH4,TH3,TH1,TH6
168,2024-01-31,score,0,TH4,TH5,TH6,TH2
169,2024-02-29,score,0,TH6,TH5,TH3,TH2
170,2024-03-29,score,0,TH1,TH6,TH2,TH4
171,2024-04-30,score,0,TH3,TH1,TH2,TH4
172,2024-05-31,score,0,TH3,TH6,TH5,TH1
173,2024-06-28,score,0,TH3,TH2,TH1,TH4
174,2024-07-31,score,0,TH2,TH6,TH1,TH4
175,2024-08-30,score,0,TH6,TH2,TH1,TH4
176,2024-09-30,score,0,TH1,TH6,TH4,TH2
177,2024-10-31,score,0,TH5,TH6,TH1,TH4
178,2024-11-29,score,0,TH5,TH6,TH4,TH3
179,2024-12-31,score,0,TH2,TH6,TH1,TH4
180,2025-01-31,score,0,TH4,TH5,TH1,TH3
181,2025-02-28,score,0,TH6,TH2,TH3,TH1
182,2025-03-31,score,0,TH6,TH1,TH2,TH4
183,2025-04-30,score,0,TH4,TH5,TH3,TH1
184,2025-05-30,score,0,TH5,TH6,TH4,TH2
185,2025-06-30,score,0,TH6,TH5,TH3,TH1
186,2025-07-31,score,0,TH4,TH2,TH1,TH5
187,2025-08-29,score,0,TH5,TH3,TH2,TH6
188,2025-09-30,score,0,TH6,TH4,TH1,TH5
189,2025-10-31,score,0,TH5,TH3,TH2,TH4
190,2025-11-28,score,2,TH2,TH6,TH1,TH4
191,2025-12-31,score,2,TH1,TH6,TH4,TH2
