{
  "meta": {
    "created": "2026-02-12",
    "project": "qctsp-hawkes",
    "notes": "All runs assume alpha/beta < 1 for stability."
  },
  "base_config": {
    "T": 10.0,
    "mu": 0.8,
    "alpha": 0.6,
    "beta": 1.5,
    "S": 8,
    "R": 16,
    "tau_max": 5.0,
    "eta_max": 8.0,
    "n_steps": 3,
    "shots": 200,
    "classical_paths": 200,
    "seed": 7,
    "x0": 0,
    "qctsp_backend": "classical",
    "auto_n_steps": true,
    "tau_repr_mode": "midpoint",
    "tau_edges_mode": "linear",
    "lambda_ref_mode": "mu"
  },
  "runs": [
    {
      "run_id": "A0",
      "purpose": "baseline",
      "T": 10.0,
      "mu": 0.8,
      "alpha": 0.6,
      "beta": 1.5,
      "S": 8,
      "R": 16,
      "tau_max": 5.0,
      "eta_max": 8.0,
      "n_steps": 3,
      "shots": 200,
      "classical_paths": 200,
      "seed": 7,
      "x0": 0,
      "qctsp_backend": "classical",
      "auto_n_steps": true,
      "tau_repr_mode": "midpoint",
      "tau_edges_mode": "linear",
      "lambda_ref_mode": "mu"
    },
    {
      "run_id": "A1",
      "purpose": "S sweep (coarse)",
      "T": 10.0,
      "mu": 0.8,
      "alpha": 0.6,
      "beta": 1.5,
      "S": 4,
      "R": 16,
      "tau_max": 5.0,
      "eta_max": 8.0,
      "n_steps": 3,
      "shots": 200,
      "classical_paths": 200,
      "seed": 7,
      "x0": 0,
      "qctsp_backend": "classical",
      "auto_n_steps": true,
      "tau_repr_mode": "midpoint",
      "tau_edges_mode": "linear",
      "lambda_ref_mode": "mu"
    },
    {
      "run_id": "A2",
      "purpose": "S sweep (fine)",
      "T": 10.0,
      "mu": 0.8,
      "alpha": 0.6,
      "beta": 1.5,
      "S": 16,
      "R": 16,
      "tau_max": 5.0,
      "eta_max": 8.0,
      "n_steps": 3,
      "shots": 200,
      "classical_paths": 200,
      "seed": 7,
      "x0": 0,
      "qctsp_backend": "classical",
      "auto_n_steps": true,
      "tau_repr_mode": "midpoint",
      "tau_edges_mode": "linear",
      "lambda_ref_mode": "mu"
    },
    {
      "run_id": "A3",
      "purpose": "R sweep (coarse)",
      "T": 10.0,
      "mu": 0.8,
      "alpha": 0.6,
      "beta": 1.5,
      "S": 8,
      "R": 8,
      "tau_max": 5.0,
      "eta_max": 8.0,
      "n_steps": 3,
      "shots": 200,
      "classical_paths": 200,
      "seed": 7,
      "x0": 0,
      "qctsp_backend": "classical",
      "auto_n_steps": true,
      "tau_repr_mode": "midpoint",
      "tau_edges_mode": "linear",
      "lambda_ref_mode": "mu"
    },
    {
      "run_id": "A4",
      "purpose": "R sweep (fine)",
      "T": 10.0,
      "mu": 0.8,
      "alpha": 0.6,
      "beta": 1.5,
      "S": 8,
      "R": 32,
      "tau_max": 5.0,
      "eta_max": 8.0,
      "n_steps": 3,
      "shots": 200,
      "classical_paths": 200,
      "seed": 7,
      "x0": 0,
      "qctsp_backend": "classical",
      "auto_n_steps": true,
      "tau_repr_mode": "midpoint",
      "tau_edges_mode": "linear",
      "lambda_ref_mode": "mu"
    },
    {
      "run_id": "A5",
      "purpose": "tau_repr condexp",
      "T": 10.0,
      "mu": 0.8,
      "alpha": 0.6,
      "beta": 1.5,
      "S": 8,
      "R": 16,
      "tau_max": 5.0,
      "eta_max": 8.0,
      "n_steps": 3,
      "shots": 200,
      "classical_paths": 200,
      "seed": 7,
      "x0": 0,
      "qctsp_backend": "classical",
      "auto_n_steps": true,
      "tau_repr_mode": "condexp",
      "tau_edges_mode": "linear",
      "lambda_ref_mode": "mu"
    },
    {
      "run_id": "A6",
      "purpose": "tau_edges exp-quantile",
      "T": 10.0,
      "mu": 0.8,
      "alpha": 0.6,
      "beta": 1.5,
      "S": 8,
      "R": 16,
      "tau_max": 5.0,
      "eta_max": 8.0,
      "n_steps": 3,
      "shots": 200,
      "classical_paths": 200,
      "seed": 7,
      "x0": 0,
      "qctsp_backend": "classical",
      "auto_n_steps": true,
      "tau_repr_mode": "midpoint",
      "tau_edges_mode": "exp-quantile",
      "lambda_ref_mode": "lambda_mean"
    },
    {
      "run_id": "A7",
      "purpose": "n_steps small (auto off)",
      "T": 10.0,
      "mu": 0.8,
      "alpha": 0.6,
      "beta": 1.5,
      "S": 8,
      "R": 16,
      "tau_max": 5.0,
      "eta_max": 8.0,
      "n_steps": 2,
      "shots": 200,
      "classical_paths": 200,
      "seed": 7,
      "x0": 0,
      "qctsp_backend": "classical",
      "auto_n_steps": false,
      "tau_repr_mode": "midpoint",
      "tau_edges_mode": "linear",
      "lambda_ref_mode": "mu"
    },
    {
      "run_id": "A8",
      "purpose": "n_steps large (auto off)",
      "T": 10.0,
      "mu": 0.8,
      "alpha": 0.6,
      "beta": 1.5,
      "S": 8,
      "R": 16,
      "tau_max": 5.0,
      "eta_max": 8.0,
      "n_steps": 4,
      "shots": 200,
      "classical_paths": 200,
      "seed": 7,
      "x0": 0,
      "qctsp_backend": "classical",
      "auto_n_steps": false,
      "tau_repr_mode": "midpoint",
      "tau_edges_mode": "linear",
      "lambda_ref_mode": "mu"
    },
    {
      "run_id": "B1",
      "purpose": "parameter set: low excitation",
      "T": 10.0,
      "mu": 0.4,
      "alpha": 0.2,
      "beta": 1.0,
      "S": 8,
      "R": 16,
      "tau_max": 5.0,
      "eta_max": 8.0,
      "n_steps": 3,
      "shots": 200,
      "classical_paths": 200,
      "seed": 7,
      "x0": 0,
      "qctsp_backend": "classical",
      "auto_n_steps": true,
      "tau_repr_mode": "midpoint",
      "tau_edges_mode": "linear",
      "lambda_ref_mode": "mu"
    },
    {
      "run_id": "B2",
      "purpose": "parameter set: higher excitation",
      "T": 10.0,
      "mu": 0.7,
      "alpha": 0.7,
      "beta": 1.2,
      "S": 8,
      "R": 16,
      "tau_max": 5.0,
      "eta_max": 8.0,
      "n_steps": 3,
      "shots": 200,
      "classical_paths": 200,
      "seed": 7,
      "x0": 0,
      "qctsp_backend": "classical",
      "auto_n_steps": true,
      "tau_repr_mode": "midpoint",
      "tau_edges_mode": "linear",
      "lambda_ref_mode": "mu"
    }
  ],
  "metrics": [
    "N_T",
    "I_eta",
    "I_lambda",
    "ks_pvalue",
    "inter_arrival_mean",
    "inter_arrival_var"
  ],
  "acceptance_checks": [
    "N_T variance > 0",
    "classical vs qctsp mean/variance are comparable",
    "no extreme sensitivity to tau_repr/tau_edges"
  ],
  "outputs": {
    "report": "outputs/compare_report.json",
    "figures_dir": "outputs/figures"
  }
}