run_id,purpose,T,mu,alpha,beta,S,R,tau_max,eta_max,n_steps,shots,classical_paths,seed,x0,qctsp_backend,auto_n_steps,tau_repr_mode,tau_edges_mode,lambda_ref_mode
A0,baseline,10.0,0.8,0.6,1.5,8,16,5.0,8.0,3,200,200,7,0,classical,True,midpoint,linear,mu
A1,S sweep (coarse),10.0,0.8,0.6,1.5,4,16,5.0,8.0,3,200,200,7,0,classical,True,midpoint,linear,mu
A2,S sweep (fine),10.0,0.8,0.6,1.5,16,16,5.0,8.0,3,200,200,7,0,classical,True,midpoint,linear,mu
A3,R sweep (coarse),10.0,0.8,0.6,1.5,8,8,5.0,8.0,3,200,200,7,0,classical,True,midpoint,linear,mu
A4,R sweep (fine),10.0,0.8,0.6,1.5,8,32,5.0,8.0,3,200,200,7,0,classical,True,midpoint,linear,mu
A5,tau_repr condexp,10.0,0.8,0.6,1.5,8,16,5.0,8.0,3,200,200,7,0,classical,True,condexp,linear,mu
A6,tau_edges exp-quantile,10.0,0.8,0.6,1.5,8,16,5.0,8.0,3,200,200,7,0,classical,True,midpoint,exp-quantile,lambda_mean
A7,n_steps small (auto off),10.0,0.8,0.6,1.5,8,16,5.0,8.0,2,200,200,7,0,classical,False,midpoint,linear,mu
A8,n_steps large (auto off),10.0,0.8,0.6,1.5,8,16,5.0,8.0,4,200,200,7,0,classical,False,midpoint,linear,mu
B1,parameter set: low excitation,10.0,0.4,0.2,1.0,8,16,5.0,8.0,3,200,200,7,0,classical,True,midpoint,linear,mu
B2,parameter set: higher excitation,10.0,0.7,0.7,1.2,8,16,5.0,8.0,3,200,200,7,0,classical,True,midpoint,linear,mu
