strategy,decision,reason,evidence_caveat
S00,hold,borderline,trend-scanning primary PDF missing; secondary_web_only evidence used
S10,hold,borderline,trend-scanning primary PDF missing; secondary_web_only evidence used
S20,hold,borderline,trend-scanning primary PDF missing; secondary_web_only evidence used
S30,adopt,risk_return_balanced,trend-scanning primary PDF missing; secondary_web_only evidence used
S40,reject,weak_risk_return,trend-scanning primary PDF missing; secondary_web_only evidence used
S50,reject,weak_risk_return,trend-scanning primary PDF missing; secondary_web_only evidence used
