paper,page,equation_id,equation_topic,usage_in_project,project_status
Comomentum.pdf,14,(1),comomL の定義（loserデシル残差部分相関平均）,ETF residual correlation proxyの根拠,mapped_proxy
Comomentum.pdf,14,(2),comomW の定義（winnerデシル残差部分相関平均）,winner/loser crowding観測設計の参照,mapped_proxy
Short-term Momentum.pdf,23,(1),one-way turnover 計算式,ETF turnover proxyとコスト控除の参照,mapped_proxy
Short-term Momentum.pdf,31,(2),bear/rebound局面のbeta回帰式,beta警報ゲート設計の概念参照,conceptual_reference
Understanding Momentum and Reversals.pdf,3,(1),条件付き因子価格付けモデル,beta proxy採用の理論背景,conceptual_reference
Understanding Momentum and Reversals.pdf,6,(2),将来beta予測回帰,Δbetaの監視設計根拠,conceptual_reference
Understanding Momentum and Reversals.pdf,8,(3),IPCAの条件付き負荷表現,IPCA非採用（ETF次元不足）の判断根拠,not_implemented
Understanding Momentum and Reversals.pdf,9,(4),観測因子版の再表現,ベータ近似の参照,conceptual_reference
