method,primary_source,original_definition,project_proxy_definition,data_required_original,data_available_project,consistency_level,deviation_note,production_gate
DM (12m-2m),Understanding Momentum and Reversals.pdf,"2-12 momentum filter (month t uses returns t-12 to t-2, skip recent month)",ETF月次終値で 12m-2m を計算し、上位K=4等ウェイト,個別株月次リターン,ETF日次OHLCV (12銘柄),high,資産単位が個別株→ETF,always
Trendiness (trend-scanning proxy),MQL5 article trace -> SSRN abstract 3257419 (Machine Learning for Asset Managers),候補horizonで回帰し、t-stat最大のtrend label/strengthを採用,"log-price OLS (20..252日, step=5) の |t| と R2 を月次特徴量化",時系列価格,ETF日次Adj Close,medium,L*は不使用、|t|とR2のみに限定,always
Term structure proxy,Project-specific proxy (no direct paper-equivalent futures curve in provided sources),"満期カーブ(M6,M12,M18)の形状情報","モメンタム期間差分 M6/M12/M18 から S, C を作成",同一資産の複数満期価格,ETF現物価格のみ,low_to_medium,先物満期構造の直接観測がないためproxy化,always
Comomentum gate,Comomentum.pdf,winner/loser群の高頻度残差相関をcrowding proxy化,ETF残差（SPY/AGG/DBC回帰）同士の52日相関平均,個別株群 + FF3 + 週次,ETF日次 + ETF因子proxy,medium,クロスセクション縮小、因子体系簡略化,residualization_feasible_only
STMOM entry filter,Short-term Momentum.pdf,1M return × turnover のダブルソートで短期継続/反転を判定,ETFの1M return + volume proxyで新規エントリー抑制のみ,"個別株turnover, spreads",ETF volume/price,medium,既存ポジ縮小には使わない（要件固定）,new_entry_only
Beta warning gate (optional),Understanding Momentum and Reversals.pdf,条件付きベータ変動の推定（IPCA含む）,"rolling beta, Δbeta, fit悪化proxyで縮退判定",大規模クロスセクション + 因子,ETF時系列 + SPY proxy,medium,IPCA本体は未実装、警報用途のみ,optional_cap_floor_0p7
