id,category,question,blocking_phase,severity,owner,status,required_input
Q1,trend_scanning_primary,SSRN一次情報PDF（trend scanning原典）のローカル保存をどう確保するか,Phase0+,high,user,open,trend_scanning_primary_source.pdf（原典PDF）
Q2,term_structure_proxy,M6/M12/M18 を先物満期の代替として使う妥当性の閾値をどこに置くか,Phase2+,medium,research_agent,open,妥当性評価ルール（例: OOS改善閾値）
Q3,comomentum_feasibility,ETF因子残差化の成立条件（最小観測数・R2閾値）を最終固定するか,Phase4-3,medium,research_agent,open,residualization feasibility criteria
Q4,beta_gate_optional,"beta gateの縮退判定（Δbeta, fit悪化）の閾値をどこで固定するか",Phase4-5,low,research_agent,open,threshold policy or quantile rule
