step,source_type,url,access_method,status,observed_reference,timestamp_utc
1,given_url,https://www.mql5.com/en/articles/19253,web_tool,reachable,Article body includes trend-scanning explanation and primary candidate links,2026-02-19T15:33:49.976712+00:00
2,primary_candidate,https://papers.ssrn.com/sol3/papers.cfm?abstract_id=3257419,web_tool,reachable,Abstract page reached,2026-02-19T15:33:49.976712+00:00
3,primary_pdf,https://papers.ssrn.com/sol3/Delivery.cfm/SSRN_ID3637106_code434076.pdf?abstractid=3257419&mirid=1,terminal_curl,unreachable,DNS resolution failed; local save impossible,2026-02-19T15:33:49.976712+00:00
4,primary_pdf,https://papers.ssrn.com/sol3/Delivery.cfm/SSRN_ID3637106_code434076.pdf?abstractid=3257419&mirid=1,web_tool,redirect_blocked,PDF endpoint redirected and artifact not recoverable,2026-02-19T15:33:49.976712+00:00
5,policy,user_instruction://secondary_web_only,local,accepted,Proceed approved with secondary web evidence and explicit caveat,2026-02-19T15:33:49.976712+00:00
