[
  {
    "run_id": "A0",
    "purpose": "baseline",
    "backend": "classical",
    "n_steps_effective": 19,
    "classical_N_T_mean": 12.6,
    "classical_N_T_var": 27.37,
    "classical_I_eta_mean": 16.217205893231217,
    "classical_I_eta_var": 23.534911931057696,
    "classical_I_lambda_mean": 17.730323535938734,
    "classical_I_lambda_var": 8.472568295180771,
    "classical_ks_pvalue_mean": 0.5169449696643622,
    "qctsp_N_T_mean": 11.38,
    "qctsp_N_T_var": 16.0256,
    "qctsp_I_eta_mean": 14.36190476190476,
    "qctsp_I_eta_var": 8.51156462585034,
    "qctsp_I_lambda_mean": 16.61714285714286,
    "qctsp_I_lambda_var": 3.064163265306121,
    "qctsp_ks_pvalue_mean": 0.4591496563384777
  },
  {
    "run_id": "A1",
    "purpose": "S sweep (coarse)",
    "backend": "classical",
    "n_steps_effective": 19,
    "classical_N_T_mean": 12.6,
    "classical_N_T_var": 27.37,
    "classical_I_eta_mean": 16.217205893231217,
    "classical_I_eta_var": 23.534911931057696,
    "classical_I_lambda_mean": 17.730323535938734,
    "classical_I_lambda_var": 8.472568295180771,
    "classical_ks_pvalue_mean": 0.5169449696643622,
    "qctsp_N_T_mean": 7.85,
    "qctsp_N_T_var": 6.5575,
    "qctsp_I_eta_mean": 0.0,
    "qctsp_I_eta_var": 0.0,
    "qctsp_I_lambda_mean": 8.0,
    "qctsp_I_lambda_var": 2.062871267152946e-30,
    "qctsp_ks_pvalue_mean": 0.45603871107219107
  },
  {
    "run_id": "A2",
    "purpose": "S sweep (fine)",
    "backend": "classical",
    "n_steps_effective": 19,
    "classical_N_T_mean": 12.6,
    "classical_N_T_var": 27.37,
    "classical_I_eta_mean": 16.217205893231217,
    "classical_I_eta_var": 23.534911931057696,
    "classical_I_lambda_mean": 17.730323535938734,
    "classical_I_lambda_var": 8.472568295180771,
    "classical_ks_pvalue_mean": 0.5169449696643622,
    "qctsp_N_T_mean": 11.3,
    "qctsp_N_T_var": 16.75,
    "qctsp_I_eta_mean": 14.837333333333335,
    "qctsp_I_eta_var": 13.074280296296294,
    "qctsp_I_lambda_mean": 16.902400000000004,
    "qctsp_I_lambda_var": 4.706740906666665,
    "qctsp_ks_pvalue_mean": 0.4548354534785261
  },
  {
    "run_id": "A3",
    "purpose": "R sweep (coarse)",
    "backend": "classical",
    "n_steps_effective": 19,
    "classical_N_T_mean": 12.6,
    "classical_N_T_var": 27.37,
    "classical_I_eta_mean": 16.217205893231217,
    "classical_I_eta_var": 23.534911931057696,
    "classical_I_lambda_mean": 17.730323535938734,
    "classical_I_lambda_var": 8.472568295180771,
    "classical_ks_pvalue_mean": 0.5169449696643622,
    "qctsp_N_T_mean": 9.77,
    "qctsp_N_T_var": 10.9571,
    "qctsp_I_eta_mean": 10.048979591836734,
    "qctsp_I_eta_var": 1.6419158683881705,
    "qctsp_I_lambda_mean": 14.029387755102043,
    "qctsp_I_lambda_var": 0.5910897126197411,
    "qctsp_ks_pvalue_mean": 0.22849417986415346
  },
  {
    "run_id": "A4",
    "purpose": "R sweep (fine)",
    "backend": "classical",
    "n_steps_effective": 19,
    "classical_N_T_mean": 12.6,
    "classical_N_T_var": 27.37,
    "classical_I_eta_mean": 16.217205893231217,
    "classical_I_eta_var": 23.534911931057696,
    "classical_I_lambda_mean": 17.730323535938734,
    "classical_I_lambda_var": 8.472568295180771,
    "classical_ks_pvalue_mean": 0.5169449696643622,
    "qctsp_N_T_mean": 12.205,
    "qctsp_N_T_var": 20.002975,
    "qctsp_I_eta_mean": 17.766359447004607,
    "qctsp_I_eta_var": 31.20805092484443,
    "qctsp_I_lambda_mean": 18.659815668202764,
    "qctsp_I_lambda_var": 11.234898332943988,
    "qctsp_ks_pvalue_mean": 0.4902531534596995
  },
  {
    "run_id": "A5",
    "purpose": "tau_repr condexp",
    "backend": "classical",
    "n_steps_effective": 19,
    "classical_N_T_mean": 12.6,
    "classical_N_T_var": 27.37,
    "classical_I_eta_mean": 16.217205893231217,
    "classical_I_eta_var": 23.534911931057696,
    "classical_I_lambda_mean": 17.730323535938734,
    "classical_I_lambda_var": 8.472568295180771,
    "classical_ks_pvalue_mean": 0.5169449696643622,
    "qctsp_N_T_mean": 11.265,
    "qctsp_N_T_var": 16.914775,
    "qctsp_I_eta_mean": 14.347988145372556,
    "qctsp_I_eta_var": 9.256244273484898,
    "qctsp_I_lambda_mean": 16.608792887223533,
    "qctsp_I_lambda_var": 3.332247938454562,
    "qctsp_ks_pvalue_mean": 0.4751163644006718
  },
  {
    "run_id": "A6",
    "purpose": "tau_edges exp-quantile",
    "backend": "classical",
    "n_steps_effective": 19,
    "classical_N_T_mean": 12.6,
    "classical_N_T_var": 27.37,
    "classical_I_eta_mean": 16.217205893231217,
    "classical_I_eta_var": 23.534911931057696,
    "classical_I_lambda_mean": 17.730323535938734,
    "classical_I_lambda_var": 8.472568295180771,
    "classical_ks_pvalue_mean": 0.5169449696643622,
    "qctsp_N_T_mean": 13.42,
    "qctsp_N_T_var": 13.803600000000001,
    "qctsp_I_eta_mean": 17.71822580467923,
    "qctsp_I_eta_var": 23.681421144176397,
    "qctsp_I_lambda_mean": 18.630935482807537,
    "qctsp_I_lambda_var": 8.525311611903502,
    "qctsp_ks_pvalue_mean": 0.5052247710110308
  },
  {
    "run_id": "A7",
    "purpose": "n_steps small (auto off)",
    "backend": "classical",
    "n_steps_effective": 2,
    "classical_N_T_mean": 12.6,
    "classical_N_T_var": 27.37,
    "classical_I_eta_mean": 16.217205893231217,
    "classical_I_eta_var": 23.534911931057696,
    "classical_I_lambda_mean": 17.730323535938734,
    "classical_I_lambda_var": 8.472568295180771,
    "classical_ks_pvalue_mean": 0.5169449696643622,
    "qctsp_N_T_mean": 2.0,
    "qctsp_N_T_var": 0.0,
    "qctsp_I_eta_mean": 13.32,
    "qctsp_I_eta_var": 24.819051247165536,
    "qctsp_I_lambda_mean": 15.991999999999997,
    "qctsp_I_lambda_var": 8.93485844897959,
    "qctsp_ks_pvalue_mean": 0.5212505801964583
  },
  {
    "run_id": "A8",
    "purpose": "n_steps large (auto off)",
    "backend": "classical",
    "n_steps_effective": 4,
    "classical_N_T_mean": 12.6,
    "classical_N_T_var": 27.37,
    "classical_I_eta_mean": 16.217205893231217,
    "classical_I_eta_var": 23.534911931057696,
    "classical_I_lambda_mean": 17.730323535938734,
    "classical_I_lambda_var": 8.472568295180771,
    "classical_ks_pvalue_mean": 0.5169449696643622,
    "qctsp_N_T_mean": 3.99,
    "qctsp_N_T_var": 0.009899999999999999,
    "qctsp_I_eta_mean": 14.795238095238096,
    "qctsp_I_eta_var": 21.553537414965987,
    "qctsp_I_lambda_mean": 16.877142857142857,
    "qctsp_I_lambda_var": 7.759273469387754,
    "qctsp_ks_pvalue_mean": 0.5239066917265549
  },
  {
    "run_id": "B1",
    "purpose": "parameter set: low excitation",
    "backend": "classical",
    "n_steps_effective": 7,
    "classical_N_T_mean": 4.57,
    "classical_N_T_var": 7.5051,
    "classical_I_eta_mean": 10.76392638146972,
    "classical_I_eta_var": 26.933903202160273,
    "classical_I_lambda_mean": 6.152785276293944,
    "classical_I_lambda_var": 1.0773561280864108,
    "classical_ks_pvalue_mean": 0.510951272329169,
    "qctsp_N_T_mean": 4.945,
    "qctsp_N_T_var": 2.6719749999999998,
    "qctsp_I_eta_mean": 11.456190476190477,
    "qctsp_I_eta_var": 17.100915192743763,
    "qctsp_I_lambda_mean": 6.2912380952380955,
    "qctsp_I_lambda_var": 0.684036607709751,
    "qctsp_ks_pvalue_mean": 0.5538389418554235
  },
  {
    "run_id": "B2",
    "purpose": "parameter set: higher excitation",
    "backend": "classical",
    "n_steps_effective": 23,
    "classical_N_T_mean": 14.935,
    "classical_N_T_var": 59.020775,
    "classical_I_eta_mean": 19.012414034225408,
    "classical_I_eta_var": 52.138781133931154,
    "classical_I_lambda_mean": 20.308689823957785,
    "classical_I_lambda_var": 25.548002755626268,
    "classical_ks_pvalue_mean": 0.48584555138142216,
    "qctsp_N_T_mean": 14.15,
    "qctsp_N_T_var": 32.1075,
    "qctsp_I_eta_mean": 19.642857142857142,
    "qctsp_I_eta_var": 38.198616780045356,
    "qctsp_I_lambda_mean": 20.75,
    "qctsp_I_lambda_var": 18.717322222222215,
    "qctsp_ks_pvalue_mean": 0.38464657894886123
  }
]