bucket,theme,ticker,etf_name,objective_strategy_short,index_name,expense_ratio,notes,source_objective_or_index,source_expense
core,AI/ロボ,AIQ,,"AI/ビッグデータ関連企業へ広く投資","Indxx Artificial Intelligence & Big Data Index","0.68%","指数連動","investing.com (AIQ ETF)","Yahoo Finance (AIQ)"
core,AI/ロボ,BOTZ,,"ロボット/AI関連企業へ投資","Indxx Global Robotics & Artificial Intelligence Thematic Index","0.68%","指数連動","Kiplinger (BOTZ)","Yahoo Finance (BOTZ)"
core,半導体,SMH,,"半導体株へのセクター集中エクスポージャー","MVIS US Listed Semiconductor 25 Index","0.35%","指数連動","Bloomberg (SMH)","Yahoo Finance (SMH)"
core,クラウド,WCLD,,"クラウド・ソフト/サービス企業に集中","BVP Nasdaq Emerging Cloud Index","0.45%","指数連動","BVP/Nasdaq Emerging Cloud index (WCLD reference)","Yahoo Finance (WCLD)"
core,サイバーセキュリティ,CIBR,,"サイバーセキュリティ関連企業に投資","Nasdaq CTA Cybersecurity Index","0.59%","指数連動","First Trust (CIBR)","Yahoo Finance (CIBR)"
core,フィンテック/決済,IPAY,,"デジタル決済関連企業に投資","Nasdaq CTA Global Digital Payments Index","0.75%","指数連動","Amplify (IPAY)","Yahoo Finance (IPAY)"
core,クリーンエネルギー,ICLN,,"クリーンエネルギー企業に投資","S&P Global Clean Energy Transition Index","0.39%","指数連動","StockAnalysis (ICLN)","Yahoo Finance (ICLN)"
core,EV/自動運転,DRIV,,"EV・自動運転関連企業に投資","Solactive Autonomous & Electric Vehicles Index","0.68%","指数連動","Solactive (DRIV index)","Yahoo Finance (DRIV)"
core,バッテリー/リチウム,LIT,,"リチウム産業〜電池サプライチェーンに投資","Solactive Global Lithium Index","0.75%","指数連動","Global X factsheet (LIT)","Yahoo Finance (LIT)"
core,メタテーマ,KOMP,,"New Economiesを広くカバー（分散テーマ）","S&P Kensho New Economies Composite Index","0.20%","指数連動","S&P DJI (Kensho index)","Yahoo Finance (KOMP)"
satellite,太陽光,TAN,,"太陽光関連企業へ集中投資","MAC Global Solar Energy Index","0.71%","指数連動","Invesco (TAN)","Yahoo Finance (TAN)"
satellite,防衛,ITA,,"米国の航空宇宙・防衛セクターに投資","Dow Jones U.S. Select Aerospace & Defense Index","0.38%","指数連動","Investing.com (ITA)","Yahoo Finance (ITA)"
satellite,ゲノミクス,ARKG,,"Genomics Revolution関連にテーマ投資（アクティブ）","(Active; no index)","0.75%","アクティブ運用","ARK (ARKG)","Yahoo Finance (ARKG)"
satellite,水,PHO,,"水処理・供給関連企業に投資","Nasdaq OMX US Water Index","0.59%","指数連動","Invesco (PHO)","Yahoo Finance (PHO)"
satellite,農業,MOO,,"農業関連バリューチェーンに投資","MVIS Global Agribusiness Index","0.55%","指数連動","VanEck (MOO)","Yahoo Finance (MOO)"
satellite,インフラ,PAVE,,"米インフラ投資拡大の恩恵企業に投資","INDXX U.S. Infrastructure Development Index","0.47%","指数連動","ETFdb (PAVE index)","Yahoo Finance (PAVE)"
satellite,ゲーム/eスポーツ,ESPO,,"ゲーム・eスポーツ関連企業に投資","MVIS Global Video Gaming & eSports Index","0.56%","指数連動","VanEck (ESPO)","Yahoo Finance (ESPO)"
satellite,宇宙,UFO,,"宇宙関連ビジネス企業に投資","S-Network Space Index","0.75%","指数連動; fee表記差に注意（gross/net等）","VettaFi (S-Network Space) / Procure (UFO)","Procure (UFO)"
