param,value,note
T,10.0,Time horizon
mu,0.8,Baseline intensity
alpha,0.6,Excitation weight
beta,1.5,Decay rate
S,8,eta bins
R,16,tau bins
tau_max,5.0,last finite tau edge
eta_max,8.0,eta grid max
n_steps,3,unroll steps
shots,200,QCTSP shots
classical_paths,200,Ogata paths
seed,7,random seed
x0,0,initial state index
qctsp_backend,classical,backend mode
auto_n_steps,True,auto step selection
tau_repr_mode,midpoint,representative mode
tau_edges_mode,linear,edge mode
lambda_ref_mode,mu,reference intensity
