dataset,start,end,n_events,T,mu,alpha,beta,alpha_over_beta,classical_N_T_mean,qctsp_N_T_mean,classical_I_lambda_mean,qctsp_I_lambda_mean,ks_pvalue_classical,ks_pvalue_qctsp,notes
BTC-USD,,,8532,2560.200000,3.331162,0.000001,0.001377,0.000702,8530.465,7753.655,8532.779175590775,8528.46135725017,0.4960474802450476,0.0,note: source=ohlcv_csv;event_mode=price_change;event_threshold=0.0;tau_repr=;tau_edges=;n_steps=;auto_n_steps=;ohlcv=btc-usd.csv
BTC-USD,,,2157,2556.300000,0.064286,0.163132,0.176848,0.922440,2025.535,1946.905,2525.145546703987,2234.70334230864,0.4956990381327377,4.040203742888724e-08,note: source=ohlcv_csv;event_mode=log_return;event_threshold=0.0015;tau_repr=;tau_edges=;n_steps=;auto_n_steps=;ohlcv=btc-usd.csv
BTC-USD,,,825,2523.000000,0.034727,0.175674,0.196186,0.895446,792.255,1189.0,1390.1863309583377,2201.6577978851024,0.4869608353964891,0.00020132173075844488,note: source=ohlcv_csv;event_mode=log_return;event_threshold=0.003;tau_repr=;tau_edges=;n_steps=;auto_n_steps=;ohlcv=btc-usd.csv
BTC-USD,,,278,2506.800000,0.020595,0.167476,0.204994,0.816982,278.58,418.0,857.0774353055074,1739.8270663438927,0.48424827031704326,0.02522669076639244,note: source=ohlcv_csv;event_mode=log_return;event_threshold=0.005;tau_repr=;tau_edges=;n_steps=;auto_n_steps=;ohlcv=btc-usd.csv
