run_id,event_mode,event_threshold,n_steps,auto_n_steps,tau_repr,tau_edges,mu,alpha,beta,classical_N_T_mean,qctsp_N_T_mean,classical_I_lambda_mean,qctsp_I_lambda_mean,ks_pvalue_classical,ks_pvalue_qctsp
logret_0p0015_ns6_mid_linear,log_return,0.0015,6,False,midpoint,linear,0.064286,0.163132,0.176848,2025.535,6.0,2525.145546703987,1503.8626283197268,0.4956990381327377,0.47198390309638627
logret_0p0015_ns12_mid_linear,log_return,0.0015,12,False,midpoint,linear,0.064286,0.163132,0.176848,2025.535,12.0,2525.145546703987,2016.265324863025,0.4956990381327377,0.47228932633255327
logret_0p0015_ns24_mid_linear,log_return,0.0015,24,False,midpoint,linear,0.064286,0.163132,0.176848,2025.535,24.0,2525.145546703987,2364.9141684262854,0.4956990381327377,0.449823649931575
logret_0p0015_ns24_cond_linear,log_return,0.0015,24,False,condexp,linear,0.064286,0.163132,0.176848,2025.535,24.0,2525.145546703987,2013.5789280943898,0.4956990381327377,0.39069482388008486
logret_0p0015_ns24_mid_expq,log_return,0.0015,24,False,midpoint,exp-quantile,0.064286,0.163132,0.176848,2025.535,24.0,2525.145546703987,2520.693208648515,0.4956990381327377,0.4396314300466937
logret_0p0015_ns24_cond_expq,log_return,0.0015,24,False,condexp,exp-quantile,0.064286,0.163132,0.176848,2025.535,24.0,2525.145546703987,2192.0697953911663,0.4956990381327377,0.38638595321154134
