{
  "phase": "1",
  "started_at": "2026-02-19T15:33:53.737790+00:00",
  "ended_at": "2026-02-19T15:34:55.606605+00:00",
  "status": "completed_with_deviation",
  "evidence_tier": "secondary_web_only",
  "deviation_flags": [
    "trend_scanning_primary_missing"
  ],
  "resume_from": "phase0",
  "expected_artifacts": [
    "/Users/kencharoff/workspace/projects/momentum/research3/outputs/logs/run_manifest_phase1.json",
    "/Users/kencharoff/workspace/projects/momentum/research3/outputs/tables/metrics_baseline.csv",
    "/Users/kencharoff/workspace/projects/momentum/research3/outputs/tables/positions_sample.csv",
    "/Users/kencharoff/workspace/projects/momentum/research3/outputs/figs/equity_curve_baseline.png",
    "/Users/kencharoff/workspace/projects/momentum/research3/outputs/figs/drawdown_baseline.png"
  ],
  "found_artifacts": [
    "/Users/kencharoff/workspace/projects/momentum/research3/outputs/logs/run_manifest_phase1.json",
    "/Users/kencharoff/workspace/projects/momentum/research3/outputs/tables/metrics_baseline.csv",
    "/Users/kencharoff/workspace/projects/momentum/research3/outputs/tables/positions_sample.csv",
    "/Users/kencharoff/workspace/projects/momentum/research3/outputs/figs/equity_curve_baseline.png",
    "/Users/kencharoff/workspace/projects/momentum/research3/outputs/figs/drawdown_baseline.png"
  ],
  "missing_artifacts": [],
  "parameters": {
    "k": 4,
    "cost_bps": 10,
    "dm_filter": "12m-2m"
  },
  "notes": [
    "Phase 1 completed (DM baseline vs EQW)."
  ]
}