{
  "phase": "0",
  "started_at": "2026-02-19T15:33:52.019976+00:00",
  "ended_at": "2026-02-19T15:34:55.606107+00:00",
  "status": "completed_with_deviation",
  "evidence_tier": "secondary_web_only",
  "deviation_flags": [
    "trend_scanning_primary_missing"
  ],
  "resume_from": "phase-1-conditional",
  "expected_artifacts": [
    "/Users/kencharoff/workspace/projects/momentum/research3/outputs/logs/run_manifest_phase0.json",
    "/Users/kencharoff/workspace/projects/momentum/research3/outputs/tables/data_summary.csv",
    "/Users/kencharoff/workspace/projects/momentum/research3/outputs/tables/calendar_summary.csv",
    "/Users/kencharoff/workspace/projects/momentum/research3/outputs/tables/unit_test_alignment.csv",
    "/Users/kencharoff/workspace/projects/momentum/research3/outputs/figs/sample_prices.png",
    "/Users/kencharoff/workspace/projects/momentum/research3/outputs/figs/sample_returns.png"
  ],
  "found_artifacts": [
    "/Users/kencharoff/workspace/projects/momentum/research3/outputs/logs/run_manifest_phase0.json",
    "/Users/kencharoff/workspace/projects/momentum/research3/outputs/tables/data_summary.csv",
    "/Users/kencharoff/workspace/projects/momentum/research3/outputs/tables/calendar_summary.csv",
    "/Users/kencharoff/workspace/projects/momentum/research3/outputs/tables/unit_test_alignment.csv",
    "/Users/kencharoff/workspace/projects/momentum/research3/outputs/figs/sample_prices.png",
    "/Users/kencharoff/workspace/projects/momentum/research3/outputs/figs/sample_returns.png"
  ],
  "missing_artifacts": [],
  "parameters": {
    "k": 4,
    "cost_bps": 10,
    "monthly_alias": "trading_month_end"
  },
  "notes": [
    "Phase 0 completed with secondary web evidence caveat."
  ]
}