{
  "phase": "4-1",
  "started_at": "2026-02-19T15:34:02.054166+00:00",
  "ended_at": "2026-02-19T15:34:55.607921+00:00",
  "status": "completed_with_deviation",
  "evidence_tier": "secondary_web_only",
  "deviation_flags": [
    "trend_scanning_primary_missing"
  ],
  "resume_from": "phase3",
  "expected_artifacts": [
    "/Users/kencharoff/workspace/projects/momentum/research3/outputs/tables/metrics_S00_S10.csv",
    "/Users/kencharoff/workspace/projects/momentum/research3/outputs/tables/gate_stats_S10.csv",
    "/Users/kencharoff/workspace/projects/momentum/research3/outputs/figs/equity_S00_S10.png",
    "/Users/kencharoff/workspace/projects/momentum/research3/outputs/figs/drawdown_S00_S10.png",
    "/Users/kencharoff/workspace/projects/momentum/research3/outputs/tables/incremental_report_S10.csv",
    "/Users/kencharoff/workspace/projects/momentum/research3/outputs/logs/run_manifest_phase41.json"
  ],
  "found_artifacts": [
    "/Users/kencharoff/workspace/projects/momentum/research3/outputs/tables/metrics_S00_S10.csv",
    "/Users/kencharoff/workspace/projects/momentum/research3/outputs/tables/gate_stats_S10.csv",
    "/Users/kencharoff/workspace/projects/momentum/research3/outputs/figs/equity_S00_S10.png",
    "/Users/kencharoff/workspace/projects/momentum/research3/outputs/figs/drawdown_S00_S10.png",
    "/Users/kencharoff/workspace/projects/momentum/research3/outputs/tables/incremental_report_S10.csv",
    "/Users/kencharoff/workspace/projects/momentum/research3/outputs/logs/run_manifest_phase41.json"
  ],
  "missing_artifacts": [],
  "parameters": {
    "risk_scale": "min(scale_trend)",
    "multiplication": false
  },
  "notes": [
    "Phase 4-1 completed: S00 vs S10"
  ]
}