{
  "phase": "4-4",
  "started_at": "2026-02-19T15:34:07.359151+00:00",
  "ended_at": "2026-02-19T15:34:55.609174+00:00",
  "status": "completed_with_deviation",
  "evidence_tier": "secondary_web_only",
  "deviation_flags": [
    "trend_scanning_primary_missing"
  ],
  "resume_from": "phase43",
  "expected_artifacts": [
    "/Users/kencharoff/workspace/projects/momentum/research3/outputs/tables/metrics_prev_S40.csv",
    "/Users/kencharoff/workspace/projects/momentum/research3/outputs/tables/entry_filter_stats.csv",
    "/Users/kencharoff/workspace/projects/momentum/research3/outputs/figs/equity_compare_entry_filter.png",
    "/Users/kencharoff/workspace/projects/momentum/research3/outputs/tables/incremental_report_S40.csv",
    "/Users/kencharoff/workspace/projects/momentum/research3/outputs/logs/run_manifest_phase44.json"
  ],
  "found_artifacts": [
    "/Users/kencharoff/workspace/projects/momentum/research3/outputs/tables/metrics_prev_S40.csv",
    "/Users/kencharoff/workspace/projects/momentum/research3/outputs/tables/entry_filter_stats.csv",
    "/Users/kencharoff/workspace/projects/momentum/research3/outputs/figs/equity_compare_entry_filter.png",
    "/Users/kencharoff/workspace/projects/momentum/research3/outputs/tables/incremental_report_S40.csv",
    "/Users/kencharoff/workspace/projects/momentum/research3/outputs/logs/run_manifest_phase44.json"
  ],
  "missing_artifacts": [],
  "parameters": {
    "entry_filter": "new_entries_only; allow if stmom>0 and turnover_proxy>0",
    "prev_strategy": "S30"
  },
  "notes": [
    "Phase 4-4 completed."
  ]
}