{
  "phase": "4-5",
  "started_at": "2026-02-19T15:34:09.149964+00:00",
  "ended_at": "2026-02-19T15:34:55.609597+00:00",
  "status": "completed_with_deviation",
  "evidence_tier": "secondary_web_only",
  "deviation_flags": [
    "trend_scanning_primary_missing"
  ],
  "resume_from": "phase44",
  "expected_artifacts": [
    "/Users/kencharoff/workspace/projects/momentum/research3/outputs/tables/metrics_S40_S50.csv",
    "/Users/kencharoff/workspace/projects/momentum/research3/outputs/tables/gate_stats_S50.csv",
    "/Users/kencharoff/workspace/projects/momentum/research3/outputs/figs/equity_S40_S50.png",
    "/Users/kencharoff/workspace/projects/momentum/research3/outputs/figs/drawdown_S40_S50.png",
    "/Users/kencharoff/workspace/projects/momentum/research3/outputs/tables/incremental_report_S50.csv",
    "/Users/kencharoff/workspace/projects/momentum/research3/outputs/logs/run_manifest_phase45.json"
  ],
  "found_artifacts": [
    "/Users/kencharoff/workspace/projects/momentum/research3/outputs/tables/metrics_S40_S50.csv",
    "/Users/kencharoff/workspace/projects/momentum/research3/outputs/tables/gate_stats_S50.csv",
    "/Users/kencharoff/workspace/projects/momentum/research3/outputs/figs/equity_S40_S50.png",
    "/Users/kencharoff/workspace/projects/momentum/research3/outputs/figs/drawdown_S40_S50.png",
    "/Users/kencharoff/workspace/projects/momentum/research3/outputs/tables/incremental_report_S50.csv",
    "/Users/kencharoff/workspace/projects/momentum/research3/outputs/logs/run_manifest_phase45.json"
  ],
  "missing_artifacts": [],
  "parameters": {
    "beta_floor": 0.7,
    "beta_cap": 1.0,
    "beta_feasible": true
  },
  "notes": [
    "Phase 4-5 completed."
  ]
}