{
  "phase": "2",
  "started_at": "2026-02-19T15:33:55.534471+00:00",
  "ended_at": "2026-02-19T15:34:55.607066+00:00",
  "status": "completed_with_deviation",
  "evidence_tier": "secondary_web_only",
  "deviation_flags": [
    "trend_scanning_primary_missing"
  ],
  "resume_from": "phase1",
  "expected_artifacts": [
    "/Users/kencharoff/workspace/projects/momentum/research3/outputs/logs/run_manifest_phase2.json",
    "/Users/kencharoff/workspace/projects/momentum/research3/outputs/tables/signal_stats.csv",
    "/Users/kencharoff/workspace/projects/momentum/research3/outputs/tables/signal_corr.csv",
    "/Users/kencharoff/workspace/projects/momentum/research3/outputs/figs/dashboard_trendiness.png",
    "/Users/kencharoff/workspace/projects/momentum/research3/outputs/figs/dashboard_term_structure.png",
    "/Users/kencharoff/workspace/projects/momentum/research3/outputs/figs/dashboard_stmom_turnover.png",
    "/Users/kencharoff/workspace/projects/momentum/research3/outputs/figs/dashboard_comom.png",
    "/Users/kencharoff/workspace/projects/momentum/research3/outputs/figs/dashboard_beta_proxy.png"
  ],
  "found_artifacts": [
    "/Users/kencharoff/workspace/projects/momentum/research3/outputs/logs/run_manifest_phase2.json",
    "/Users/kencharoff/workspace/projects/momentum/research3/outputs/tables/signal_stats.csv",
    "/Users/kencharoff/workspace/projects/momentum/research3/outputs/tables/signal_corr.csv",
    "/Users/kencharoff/workspace/projects/momentum/research3/outputs/figs/dashboard_trendiness.png",
    "/Users/kencharoff/workspace/projects/momentum/research3/outputs/figs/dashboard_term_structure.png",
    "/Users/kencharoff/workspace/projects/momentum/research3/outputs/figs/dashboard_stmom_turnover.png",
    "/Users/kencharoff/workspace/projects/momentum/research3/outputs/figs/dashboard_comom.png",
    "/Users/kencharoff/workspace/projects/momentum/research3/outputs/figs/dashboard_beta_proxy.png"
  ],
  "missing_artifacts": [],
  "parameters": {
    "trend_scanning": {
      "lookback_min": 20,
      "lookback_max": 252,
      "step": 5,
      "feature_use": [
        "abs_t",
        "R2"
      ]
    },
    "term_structure_proxy": "M6/M12/M18 -> S,C",
    "comom_feasibility": {
      "min_overlap": 252,
      "max_missing_ratio": 0.1
    }
  },
  "notes": [
    "Phase 2 signal dashboard completed."
  ]
}