{
  "phase": "3",
  "started_at": "2026-02-19T15:34:00.196043+00:00",
  "ended_at": "2026-02-19T15:34:55.607503+00:00",
  "status": "completed_with_deviation",
  "evidence_tier": "secondary_web_only",
  "deviation_flags": [
    "trend_scanning_primary_missing"
  ],
  "resume_from": "phase2",
  "expected_artifacts": [
    "/Users/kencharoff/workspace/projects/momentum/research3/outputs/logs/run_manifest_phase3.json",
    "/Users/kencharoff/workspace/projects/momentum/research3/outputs/tables/predictiveness_summary.csv",
    "/Users/kencharoff/workspace/projects/momentum/research3/outputs/tables/walkforward_oos.csv",
    "/Users/kencharoff/workspace/projects/momentum/research3/outputs/figs/predictiveness_barplots.png",
    "/Users/kencharoff/workspace/projects/momentum/research3/outputs/tables/adoption_recommendation_phase3.csv"
  ],
  "found_artifacts": [
    "/Users/kencharoff/workspace/projects/momentum/research3/outputs/logs/run_manifest_phase3.json",
    "/Users/kencharoff/workspace/projects/momentum/research3/outputs/tables/predictiveness_summary.csv",
    "/Users/kencharoff/workspace/projects/momentum/research3/outputs/tables/walkforward_oos.csv",
    "/Users/kencharoff/workspace/projects/momentum/research3/outputs/figs/predictiveness_barplots.png",
    "/Users/kencharoff/workspace/projects/momentum/research3/outputs/tables/adoption_recommendation_phase3.csv"
  ],
  "missing_artifacts": [],
  "parameters": {
    "oos_min_train_months": 60,
    "target_downside_threshold": "next_month_dm_return < 0"
  },
  "notes": [
    "Phase 3 predictiveness completed."
  ]
}