{
  "phase": "5",
  "started_at": "2026-02-19T15:34:10.798208+00:00",
  "ended_at": "2026-02-19T15:34:55.610006+00:00",
  "status": "completed_with_deviation",
  "evidence_tier": "secondary_web_only",
  "deviation_flags": [
    "trend_scanning_primary_missing"
  ],
  "resume_from": "phase45",
  "expected_artifacts": [
    "/Users/kencharoff/workspace/projects/momentum/research3/outputs/tables/final_comparison_all_strategies.csv",
    "/Users/kencharoff/workspace/projects/momentum/research3/outputs/tables/final_tail_and_turnover.csv",
    "/Users/kencharoff/workspace/projects/momentum/research3/outputs/tables/adoption_decision.csv",
    "/Users/kencharoff/workspace/projects/momentum/research3/outputs/figs/final_equity_all.png",
    "/Users/kencharoff/workspace/projects/momentum/research3/outputs/figs/final_drawdown_all.png",
    "/Users/kencharoff/workspace/projects/momentum/research3/outputs/logs/run_manifest_phase5.json"
  ],
  "found_artifacts": [
    "/Users/kencharoff/workspace/projects/momentum/research3/outputs/tables/final_comparison_all_strategies.csv",
    "/Users/kencharoff/workspace/projects/momentum/research3/outputs/tables/final_tail_and_turnover.csv",
    "/Users/kencharoff/workspace/projects/momentum/research3/outputs/tables/adoption_decision.csv",
    "/Users/kencharoff/workspace/projects/momentum/research3/outputs/figs/final_equity_all.png",
    "/Users/kencharoff/workspace/projects/momentum/research3/outputs/figs/final_drawdown_all.png",
    "/Users/kencharoff/workspace/projects/momentum/research3/outputs/logs/run_manifest_phase5.json"
  ],
  "missing_artifacts": [],
  "parameters": {
    "decision_rule": "sharpe_dd_quantile_rule_with_caveat"
  },
  "notes": [
    "Phase 5 summary completed."
  ]
}