{
  "phase": "-1",
  "started_at": null,
  "ended_at": "2026-02-19T15:34:55.605252+00:00",
  "status": "completed_with_deviation",
  "evidence_tier": "secondary_web_only",
  "deviation_flags": [
    "trend_scanning_primary_missing"
  ],
  "resume_from": "phase-1-conditional",
  "inputs": {
    "pdfs": [
      "/Users/kencharoff/workspace/projects/momentum/research3/docs/sources/Comomentum.pdf",
      "/Users/kencharoff/workspace/projects/momentum/research3/docs/sources/Short-term Momentum.pdf",
      "/Users/kencharoff/workspace/projects/momentum/research3/docs/sources/Understanding Momentum and Reversals.pdf"
    ],
    "trend_scanning_url": "https://www.mql5.com/en/articles/19253"
  },
  "expected_artifacts": [
    "/Users/kencharoff/workspace/projects/momentum/research3/outputs/docs/literature_review.md",
    "/Users/kencharoff/workspace/projects/momentum/research3/outputs/docs/original_checklist.md",
    "/Users/kencharoff/workspace/projects/momentum/research3/outputs/tables/method_mapping_matrix.csv",
    "/Users/kencharoff/workspace/projects/momentum/research3/outputs/tables/equation_index.csv",
    "/Users/kencharoff/workspace/projects/momentum/research3/outputs/tables/open_questions.csv",
    "/Users/kencharoff/workspace/projects/momentum/research3/outputs/docs/trend_scanning_review.md",
    "/Users/kencharoff/workspace/projects/momentum/research3/outputs/tables/trend_scanning_source_trace.csv",
    "/Users/kencharoff/workspace/projects/momentum/research3/docs/sources/trend_scanning_sources.md"
  ],
  "found_artifacts": [
    "/Users/kencharoff/workspace/projects/momentum/research3/outputs/docs/literature_review.md",
    "/Users/kencharoff/workspace/projects/momentum/research3/outputs/docs/original_checklist.md",
    "/Users/kencharoff/workspace/projects/momentum/research3/outputs/tables/method_mapping_matrix.csv",
    "/Users/kencharoff/workspace/projects/momentum/research3/outputs/tables/equation_index.csv",
    "/Users/kencharoff/workspace/projects/momentum/research3/outputs/tables/open_questions.csv",
    "/Users/kencharoff/workspace/projects/momentum/research3/outputs/docs/trend_scanning_review.md",
    "/Users/kencharoff/workspace/projects/momentum/research3/outputs/tables/trend_scanning_source_trace.csv",
    "/Users/kencharoff/workspace/projects/momentum/research3/docs/sources/trend_scanning_sources.md"
  ],
  "missing_artifacts": [],
  "parameters": {
    "k": 4,
    "cost_bps": 10,
    "volatility_scaling": false,
    "gate_integration": "min_cap_no_multiplication"
  },
  "notes": [
    "Primary trend-scanning PDF unavailable.",
    "User approved continuation using secondary web evidence."
  ]
}