{
  "phase": "4-3",
  "started_at": "2026-02-19T15:34:05.515026+00:00",
  "ended_at": "2026-02-19T15:34:55.608767+00:00",
  "status": "completed_with_deviation",
  "evidence_tier": "secondary_web_only",
  "deviation_flags": [
    "trend_scanning_primary_missing"
  ],
  "resume_from": "phase42",
  "expected_artifacts": [
    "/Users/kencharoff/workspace/projects/momentum/research3/outputs/tables/metrics_S20_S30.csv",
    "/Users/kencharoff/workspace/projects/momentum/research3/outputs/tables/gate_stats_S30.csv",
    "/Users/kencharoff/workspace/projects/momentum/research3/outputs/tables/tail_stats_S20_S30.csv",
    "/Users/kencharoff/workspace/projects/momentum/research3/outputs/figs/equity_S20_S30.png",
    "/Users/kencharoff/workspace/projects/momentum/research3/outputs/figs/drawdown_S20_S30.png",
    "/Users/kencharoff/workspace/projects/momentum/research3/outputs/tables/incremental_report_S30.csv",
    "/Users/kencharoff/workspace/projects/momentum/research3/outputs/logs/run_manifest_phase43.json"
  ],
  "found_artifacts": [
    "/Users/kencharoff/workspace/projects/momentum/research3/outputs/tables/metrics_S20_S30.csv",
    "/Users/kencharoff/workspace/projects/momentum/research3/outputs/tables/gate_stats_S30.csv",
    "/Users/kencharoff/workspace/projects/momentum/research3/outputs/tables/tail_stats_S20_S30.csv",
    "/Users/kencharoff/workspace/projects/momentum/research3/outputs/figs/equity_S20_S30.png",
    "/Users/kencharoff/workspace/projects/momentum/research3/outputs/figs/drawdown_S20_S30.png",
    "/Users/kencharoff/workspace/projects/momentum/research3/outputs/tables/incremental_report_S30.csv",
    "/Users/kencharoff/workspace/projects/momentum/research3/outputs/logs/run_manifest_phase43.json"
  ],
  "missing_artifacts": [],
  "parameters": {
    "comom_feasible_months_required": 24,
    "comom_feasible_months_actual": 228
  },
  "notes": [
    "Phase 4-3 completed: S20 vs S30"
  ]
}