{
  "phase": "4-2",
  "started_at": "2026-02-19T15:34:03.874989+00:00",
  "ended_at": "2026-02-19T15:34:55.608344+00:00",
  "status": "completed_with_deviation",
  "evidence_tier": "secondary_web_only",
  "deviation_flags": [
    "trend_scanning_primary_missing"
  ],
  "resume_from": "phase41",
  "expected_artifacts": [
    "/Users/kencharoff/workspace/projects/momentum/research3/outputs/tables/metrics_S10_S20.csv",
    "/Users/kencharoff/workspace/projects/momentum/research3/outputs/tables/term_gate_stats.csv",
    "/Users/kencharoff/workspace/projects/momentum/research3/outputs/figs/equity_S10_S20.png",
    "/Users/kencharoff/workspace/projects/momentum/research3/outputs/figs/drawdown_S10_S20.png",
    "/Users/kencharoff/workspace/projects/momentum/research3/outputs/tables/incremental_report_S20.csv",
    "/Users/kencharoff/workspace/projects/momentum/research3/outputs/logs/run_manifest_phase42.json"
  ],
  "found_artifacts": [
    "/Users/kencharoff/workspace/projects/momentum/research3/outputs/tables/metrics_S10_S20.csv",
    "/Users/kencharoff/workspace/projects/momentum/research3/outputs/tables/term_gate_stats.csv",
    "/Users/kencharoff/workspace/projects/momentum/research3/outputs/figs/equity_S10_S20.png",
    "/Users/kencharoff/workspace/projects/momentum/research3/outputs/figs/drawdown_S10_S20.png",
    "/Users/kencharoff/workspace/projects/momentum/research3/outputs/tables/incremental_report_S20.csv",
    "/Users/kencharoff/workspace/projects/momentum/research3/outputs/logs/run_manifest_phase42.json"
  ],
  "missing_artifacts": [],
  "parameters": {
    "risk_scale": "min(scale_trend, scale_term)",
    "multiplication": false
  },
  "notes": [
    "Phase 4-2 completed: S10 vs S20"
  ]
}